{"rotation":1.570796326794897,"arcs":[[[23.43213350170701,12.87315440194109,0.2078318861386516],[22.10260497075478,11.48525234362413,-0.0001901922848925539],[22.06147422056945,7.808144958323993,-0.03179126440584785],[21.9869633194172,6.022854603019312,-0.1178003263217954],[21.63663034503517,5.220684256992911,-0.1795461127003342],[20.30957570903935,4.32228102116278,-0.0492987765624797],[19.18581590828917,4.23517523388054,-0.03187103181277232],[17.46562894076457,4.275338295964303,-0.003276239272895196],[8.922826845281705,14.91421539758679,-0.0006553310405382132],[8.919516481509831,7.115092110021465,-0.01838535626218556],[8.872854600228933,4.379084031230462,9.943590324935859e-11],[8.855096473378069,4.299874353662062,-0.04647242966052055],[7.134995253109736,4.239122422603572,-0.09735973693139431],[5.792500481117187,4.382219219420762,-0.1693242670916329],[4.586916361083183,5.377806143545115,-0.1583381417199316],[4.287128579329831,6.535242096523092,-0.005360171910486209],[4.209710716270365,11.4852516940237,0.2134064735383878],[2.901791143495458,12.875483219469,0.02248980271636148],[2.326671087233677,13.01524756609984,-0.1724902769487305],[2.170438287131475,13.11309687829743,-0.4186534548173663],[2.212388616521181,13.21876867882727,-0.09108809854839783],[2.66017118230522,13.34661545603913,0.1750314118457363],[3.815510874707869,14.09427025163194,0.04478037207795435],[4.209718728008951,14.75903018643854,-0.001036154833111028],[4.259371369652044,18.92243213185657,-0.05197661852921843],[4.341640232160856,20.358289425903,-0.2385306363338906],[5.747539470285545,21.88628409559951,-0.09479840784058916],[7.175893879409429,22.05771754567465,-0.04012281099238081],[8.818932351517944,22.02228444082749,-0.01317367356556595],[11.49794210704646,18.74562951772543,-0.0007346043156468407],[17.38949382201336,11.38651394497654,1.083411049762618e-08],[17.38949382201336,21.95172267719954,-0.1080085522629278],[17.56909708011528,22.03260247746368,-0.04235576817761771],[20.07215216660232,21.99868965414726,-0.1244116826466768],[20.80603240169116,21.78960861137205,-0.1856749306967998],[21.95594793053509,20.44603138853597,-0.0585585600311615],[22.05380720327256,19.07636967711957,-0.0007384502638246983],[22.10260497075478,14.81547483360444,0.2459761831426838],[23.68621756280811,13.33333913906205,-0.1237243730266524],[24.08148534747126,13.2388313714568,-0.748476593688698],[24.0721871835042,13.05672715171403,-0.00295285440149927]],[[26.20607369818477,20.45992980618786,-0.05380168307874549],[26.19092046904294,20.29911320894496,-0.07137385320908311],[26.0628692842303,20.86543052983137,0.3276683338224583],[20.36575531923135,26.12924043987874,-0.3286599821445087],[20.18076925546451,26.18521022913311,-0.0357374018451433],[20.40927681551855,26.20200413241801,0.08741961247818061],[19.50701192168816,26.26872047805637,0.007067525506081188],[6.128832400979974,26.24870585585839,2.794139077166072e-10],[5.903055544584191,26.20200369935108,-0.03097731901235497],[6.133289742571051,26.18532434227464,-0.3471520260403363],[5.967270062447795,26.13219265728233,0.3488465786435411],[0.1743244441750136,20.33924400754088,-0.3471528410750056],[0.1211934087831281,20.17322800848672,-0.0309750268588243],[0.1045144847736452,20.40346263954052,0.08741948856112308],[0.03779770606834632,19.50120077717881,0.007067537172041538],[0.05781232826632277,6.123018225001942,0.3088057603931283],[0.109147868080214,5.979450251342286,-0.04011529237638888],[0.1215942122460945,6.090221631751234,-0.2843283497185055],[0.1767838313885761,5.911792418152913,0.3415085458003113],[5.858734390172344,0.1660816287369187,-0.2960758593549703],[6.007424030125605,0.1155942505461667,-0.0537190399382774],[5.846607865949636,0.1004444859399598,1.910451796760527e-10],[5.987718834263958,0.05525200082311699,2.327078675459031e-14],[5.9877132043936,0.05526910696767118,0.006619687524500251],[19.67788281779424,0.03634364815093249,0.09363640891635883],[20.52215788157828,0.0983560205697529,-0.0617830399584299],[20.33032957652235,0.113970682547631,-0.05927064728634959],[21.00678881500471,0.2728036166224399,0.2982191115361413],[26.03372820911123,5.299743876862863,-0.05926943102583247],[26.1925604935856,5.976203331878708,-0.06174358101625601],[26.2081734232957,5.784375459889702,0.09363631533266523],[26.27018774451578,6.628649224472895,0.006619460746798383],[26.25126315183294,20.31881818827313,1.910427810255112e-10]]],"pocketCuts":null,"hidden":false,"onStockBottom":false,"tools":["B125EF6E-BF97-4B22-8A40-5A58543E1631"],"scaleFactor":1,"cutInterior":true,"uuid":"C9A6E69D-716D-415A-8917-1D9A4BBBD5A3","cutOutline":false,"origin":{"y":1.232513175745796,"b":0,"z":0,"x":11.67839150064653,"c":0},"name":"NativeScript.svg","machiningProperties":{"B125EF6E-BF97-4B22-8A40-5A58543E1631":{"radius":1.587499976158142,"stepover":0.15,"max_cut_connection_length":25,"z_feed_rate":30,"pass_depth":0.08,"spindle_speed":12000,"xy_feed_rate":360,"climb":true}},"type":"OLSVGMillingPlan","outlineType":0,"collapsed":false,"jobsArray":null,"outlineCuts":null,"invert":0,"engraveDepth":0.15}